Name,Status,Priority,Description
Item 6,New,Medium,Requirements to be described here.
Item 7,New,High,Requirements to be described here.
Item 8,New,Low,Requirements to be described here.
Item 9,New,Medium,Requirements to be described here.
Item 10,New,High,Requirements to be described here.
Item 11,New,Low,Requirements to be described here.
Item 12,New,Medium,Requirements to be described here.
Item 13,New,High,Requirements to be described here.
Item 14,New,Low,Requirements to be described here.
Item 15,New,Medium,Requirements to be described here.
Item 16,New,High,Requirements to be described here.
Item 17,New,Low,Requirements to be described here.
Item 18,New,Medium,Requirements to be described here.
Item 19,New,High,Requirements to be described here.
Item 20,New,Low,Requirements to be described here.
Item 21,New,Medium,Requirements to be described here.
Item 22,New,High,Requirements to be described here.
Item 23,New,Low,Requirements to be described here.
Item 24,New,Medium,Requirements to be described here.
Item 25,New,High,Requirements to be described here.
Item 26,New,Low,Requirements to be described here.
Item 27,New,Medium,Requirements to be described here.
Item 28,New,High,Requirements to be described here.
Item 29,New,Low,Requirements to be described here.
Item 30,New,Medium,Requirements to be described here.
Item 31,New,High,Requirements to be described here.
Item 32,New,Low,Requirements to be described here.
Item 33,New,Medium,Requirements to be described here.
Item 34,New,High,Requirements to be described here.
Item 35,New,Low,Requirements to be described here.
Item 36,New,Medium,Requirements to be described here.
Item 37,New,High,Requirements to be described here.
Item 38,New,Low,Requirements to be described here.
Item 39,New,Medium,Requirements to be described here.
Item 40,New,High,Requirements to be described here.
Item 41,New,Low,Requirements to be described here.
Item 42,New,Medium,Requirements to be described here.
Item 43,New,High,Requirements to be described here.
Item 44,New,Low,Requirements to be described here.
Item 45,New,Medium,Requirements to be described here.
Item 46,New,High,Requirements to be described here.
Item 47,New,Low,Requirements to be described here.
Item 48,New,Medium,Requirements to be described here.
Item 49,New,High,Requirements to be described here.
Item 50,New,Low,Requirements to be described here.
Item 51,New,Medium,Requirements to be described here.
Item 52,New,High,Requirements to be described here.
Item 53,New,Low,Requirements to be described here.
Item 54,New,Medium,Requirements to be described here.
Item 55,New,High,Requirements to be described here.
Item 56,New,Low,Requirements to be described here.
Item 57,New,Medium,Requirements to be described here.
Item 58,New,High,Requirements to be described here.
Item 59,New,Low,Requirements to be described here.
Item 60,New,Medium,Requirements to be described here.
Item 61,New,High,Requirements to be described here.
Item 62,New,Low,Requirements to be described here.
Item 63,New,Medium,Requirements to be described here.
Item 64,New,High,Requirements to be described here.
Item 65,New,Low,Requirements to be described here.
Item 66,New,Medium,Requirements to be described here.
Item 67,New,High,Requirements to be described here.
Item 68,New,Low,Requirements to be described here.
Item 69,New,Medium,Requirements to be described here.
Item 70,New,High,Requirements to be described here.
Item 71,New,Low,Requirements to be described here.
Item 72,New,Medium,Requirements to be described here.
Item 73,New,High,Requirements to be described here.
Item 74,New,Low,Requirements to be described here.
Item 75,New,Medium,Requirements to be described here.
Item 76,New,High,Requirements to be described here.
Item 77,New,Low,Requirements to be described here.
Item 78,New,Medium,Requirements to be described here.
Item 79,New,High,Requirements to be described here.
Item 80,New,Low,Requirements to be described here.
Item 81,New,Medium,Requirements to be described here.
Item 82,New,High,Requirements to be described here.
Item 83,New,Low,Requirements to be described here.
Item 84,New,Medium,Requirements to be described here.
Item 85,New,High,Requirements to be described here.
Item 86,New,Low,Requirements to be described here.
Item 87,New,Medium,Requirements to be described here.
Item 88,New,High,Requirements to be described here.
Item 89,New,Low,Requirements to be described here.
Item 90,New,Medium,Requirements to be described here.
Item 91,New,High,Requirements to be described here.
Item 92,New,Low,Requirements to be described here.
Item 93,New,Medium,Requirements to be described here.
Item 94,New,High,Requirements to be described here.
Item 95,New,Low,Requirements to be described here.
Item 96,New,Medium,Requirements to be described here.
Item 97,New,High,Requirements to be described here.
Item 98,New,Low,Requirements to be described here.
Item 99,New,Medium,Requirements to be described here.
Item 100,New,High,Requirements to be described here.
Item 101,New,Low,Requirements to be described here.
Item 102,New,Medium,Requirements to be described here.
Item 103,New,High,Requirements to be described here.
Item 104,New,Low,Requirements to be described here.
Item 105,New,Medium,Requirements to be described here.
Item 106,New,High,Requirements to be described here.
Item 107,New,Low,Requirements to be described here.
Item 108,New,Medium,Requirements to be described here.
Item 109,New,High,Requirements to be described here.
Item 110,New,Low,Requirements to be described here.
Item 111,New,Medium,Requirements to be described here.
Item 112,New,High,Requirements to be described here.
Item 113,New,Low,Requirements to be described here.
Item 114,New,Medium,Requirements to be described here.
Item 115,New,High,Requirements to be described here.
Item 116,New,Low,Requirements to be described here.
Item 117,New,Medium,Requirements to be described here.
Item 118,New,High,Requirements to be described here.
Item 119,New,Low,Requirements to be described here.
Item 120,New,Medium,Requirements to be described here.
Item 121,New,High,Requirements to be described here.
Item 122,New,Low,Requirements to be described here.
Item 123,New,Medium,Requirements to be described here.
Item 124,New,High,Requirements to be described here.
Item 125,New,Low,Requirements to be described here.
Item 126,New,Medium,Requirements to be described here.
Item 127,New,High,Requirements to be described here.
Item 128,New,Low,Requirements to be described here.
Item 129,New,Medium,Requirements to be described here.
Item 130,New,High,Requirements to be described here.
Item 131,New,Low,Requirements to be described here.
Item 132,New,Medium,Requirements to be described here.
Item 133,New,High,Requirements to be described here.
Item 134,New,Low,Requirements to be described here.
Item 135,New,Medium,Requirements to be described here.
Item 136,New,High,Requirements to be described here.
Item 137,New,Low,Requirements to be described here.
Item 138,New,Medium,Requirements to be described here.
Item 139,New,High,Requirements to be described here.
Item 140,New,Low,Requirements to be described here.
Item 141,New,Medium,Requirements to be described here.
Item 142,New,High,Requirements to be described here.
Item 143,New,Low,Requirements to be described here.
Item 144,New,Medium,Requirements to be described here.
Item 145,New,High,Requirements to be described here.
Item 146,New,Low,Requirements to be described here.
Item 147,New,Medium,Requirements to be described here.
Item 148,New,High,Requirements to be described here.
Item 149,New,Low,Requirements to be described here.
Item 150,New,Medium,Requirements to be described here.
Item 151,New,High,Requirements to be described here.
Item 152,New,Low,Requirements to be described here.
Item 153,New,Medium,Requirements to be described here.
Item 154,New,High,Requirements to be described here.
Item 155,New,Low,Requirements to be described here.
Item 156,New,Medium,Requirements to be described here.
Item 157,New,High,Requirements to be described here.
Item 158,New,Low,Requirements to be described here.
Item 159,New,Medium,Requirements to be described here.
Item 160,New,High,Requirements to be described here.
Item 161,New,Low,Requirements to be described here.
Item 162,New,Medium,Requirements to be described here.
Item 163,New,High,Requirements to be described here.
Item 164,New,Low,Requirements to be described here.
Item 165,New,Medium,Requirements to be described here.
Item 166,New,High,Requirements to be described here.
Item 167,New,Low,Requirements to be described here.
Item 168,New,Medium,Requirements to be described here.
Item 169,New,High,Requirements to be described here.
Item 170,New,Low,Requirements to be described here.
Item 171,New,Medium,Requirements to be described here.
Item 172,New,High,Requirements to be described here.
Item 173,New,Low,Requirements to be described here.
Item 174,New,Medium,Requirements to be described here.
Item 175,New,High,Requirements to be described here.
Item 176,New,Low,Requirements to be described here.
Item 177,New,Medium,Requirements to be described here.
Item 178,New,High,Requirements to be described here.
Item 179,New,Low,Requirements to be described here.
Item 180,New,Medium,Requirements to be described here.
Item 181,New,High,Requirements to be described here.
Item 182,New,Low,Requirements to be described here.
Item 183,New,Medium,Requirements to be described here.
Item 184,New,High,Requirements to be described here.
Item 185,New,Low,Requirements to be described here.
Item 186,New,Medium,Requirements to be described here.
Item 187,New,High,Requirements to be described here.
Item 188,New,Low,Requirements to be described here.
Item 189,New,Medium,Requirements to be described here.
Item 190,New,High,Requirements to be described here.
Item 191,New,Low,Requirements to be described here.
Item 192,New,Medium,Requirements to be described here.
Item 193,New,High,Requirements to be described here.
Item 194,New,Low,Requirements to be described here.
Item 195,New,Medium,Requirements to be described here.
Item 196,New,High,Requirements to be described here.
Item 197,New,Low,Requirements to be described here.
Item 198,New,Medium,Requirements to be described here.
Item 199,New,High,Requirements to be described here.
Item 200,New,Low,Requirements to be described here.
Item 201,New,Medium,Requirements to be described here.
Item 202,New,High,Requirements to be described here.
Item 203,New,Low,Requirements to be described here.
Item 204,New,Medium,Requirements to be described here.
Item 205,New,High,Requirements to be described here.
Item 206,New,Low,Requirements to be described here.
Item 207,New,Medium,Requirements to be described here.
Item 208,New,High,Requirements to be described here.
Item 209,New,Low,Requirements to be described here.
Item 210,New,Medium,Requirements to be described here.
Item 211,New,High,Requirements to be described here.
Item 212,New,Low,Requirements to be described here.
Item 213,New,Medium,Requirements to be described here.
Item 214,New,High,Requirements to be described here.
Item 215,New,Low,Requirements to be described here.
Item 216,New,Medium,Requirements to be described here.
Item 217,New,High,Requirements to be described here.
Item 218,New,Low,Requirements to be described here.
Item 219,New,Medium,Requirements to be described here.
Item 220,New,High,Requirements to be described here.
Item 221,New,Low,Requirements to be described here.
Item 222,New,Medium,Requirements to be described here.
Item 223,New,High,Requirements to be described here.
Item 224,New,Low,Requirements to be described here.
Item 225,New,Medium,Requirements to be described here.
Item 226,New,High,Requirements to be described here.
Item 227,New,Low,Requirements to be described here.
Item 228,New,Medium,Requirements to be described here.
Item 229,New,High,Requirements to be described here.
Item 230,New,Low,Requirements to be described here.
Item 231,New,Medium,Requirements to be described here.
Item 232,New,High,Requirements to be described here.
Item 233,New,Low,Requirements to be described here.
Item 234,New,Medium,Requirements to be described here.
Item 235,New,High,Requirements to be described here.
Item 236,New,Low,Requirements to be described here.
Item 237,New,Medium,Requirements to be described here.
Item 238,New,High,Requirements to be described here.
Item 239,New,Low,Requirements to be described here.
Item 240,New,Medium,Requirements to be described here.
Item 241,New,High,Requirements to be described here.
Item 242,New,Low,Requirements to be described here.
Item 243,New,Medium,Requirements to be described here.
Item 244,New,High,Requirements to be described here.
Item 245,New,Low,Requirements to be described here.
Item 246,New,Medium,Requirements to be described here.
Item 247,New,High,Requirements to be described here.
Item 248,New,Low,Requirements to be described here.
Item 249,New,Medium,Requirements to be described here.
Item 250,New,High,Requirements to be described here.
Item 251,New,Low,Requirements to be described here.
Item 252,New,Medium,Requirements to be described here.
Item 253,New,High,Requirements to be described here.
Item 254,New,Low,Requirements to be described here.
Item 255,New,Medium,Requirements to be described here.
Item 256,New,High,Requirements to be described here.
Item 257,New,Low,Requirements to be described here.
Item 258,New,Medium,Requirements to be described here.
Item 259,New,High,Requirements to be described here.
Item 260,New,Low,Requirements to be described here.
Item 261,New,Medium,Requirements to be described here.
Item 262,New,High,Requirements to be described here.
Item 263,New,Low,Requirements to be described here.
Item 264,New,Medium,Requirements to be described here.
Item 265,New,High,Requirements to be described here.
Item 266,New,Low,Requirements to be described here.
Item 267,New,Medium,Requirements to be described here.
Item 268,New,High,Requirements to be described here.
Item 269,New,Low,Requirements to be described here.
Item 270,New,Medium,Requirements to be described here.
Item 271,New,High,Requirements to be described here.
Item 272,New,Low,Requirements to be described here.
Item 273,New,Medium,Requirements to be described here.
Item 274,New,High,Requirements to be described here.
Item 275,New,Low,Requirements to be described here.
Item 276,New,Medium,Requirements to be described here.
Item 277,New,High,Requirements to be described here.
Item 278,New,Low,Requirements to be described here.
Item 279,New,Medium,Requirements to be described here.
Item 280,New,High,Requirements to be described here.
Item 281,New,Low,Requirements to be described here.
Item 282,New,Medium,Requirements to be described here.
Item 283,New,High,Requirements to be described here.
Item 284,New,Low,Requirements to be described here.
Item 285,New,Medium,Requirements to be described here.
Item 286,New,High,Requirements to be described here.
Item 287,New,Low,Requirements to be described here.
Item 288,New,Medium,Requirements to be described here.
Item 289,New,High,Requirements to be described here.
Item 290,New,Low,Requirements to be described here.
Item 291,New,Medium,Requirements to be described here.
Item 292,New,High,Requirements to be described here.
Item 293,New,Low,Requirements to be described here.
Item 294,New,Medium,Requirements to be described here.
Item 295,New,High,Requirements to be described here.
Item 296,New,Low,Requirements to be described here.
Item 297,New,Medium,Requirements to be described here.
Item 298,New,High,Requirements to be described here.
Item 299,New,Low,Requirements to be described here.
Item 300,New,Medium,Requirements to be described here.
